시즌,상대팀,공격득점,블로킹득점,서브득점,팀범실,상대범실,전체득점,상대득점,디그성공,리시브정확,세트성공,공격성공률,리시브효율,경기시간,세트승,세트패,결과,김연경,김연경득점,김연경시도,김연경성공,김연경공격차단,김연경범실,김연경성공률,김연경점유율
1,현대건설,43,3,5,16,18,75,66,55,38,40,40.19,58.33,81,3,0,승,미출전,,,,,,,
1,KT&G,37,3,4,19,11,59,81,75,44,35,29.60,59.15,82,0,3,패,미출전,,,,,,,
1,도로공사,35,1,1,17,8,50,75,73,38,33,24.82,55.07,75,0,3,패,미출전,,,,,,,
1,GS칼텍스,68,6,2,29,17,100,96,91,54,62,41.72,60.00,112,3,1,승,미출전,,,,,,,
1,GS칼텍스,51,3,4,25,20,83,96,102,39,49,30.18,40.45,108,1,3,패,미출전,,,,,,,
1,도로공사,36,1,3,26,10,52,75,109,40,31,21.56,54.93,79,0,3,패,미출전,,,,,,,
1,현대건설,64,5,11,25,20,101,109,138,59,61,30.19,56.57,132,2,3,패,미출전,,,,,,,
1,KT&G,60,4,5,27,11,89,109,132,61,61,28.57,52.88,122,2,3,패,미출전,,,,,,,
1,도로공사,49,3,2,28,8,68,98,83,58,48,30.06,59.78,94,1,3,패,미출전,,,,,,,
1,현대건설,60,6,3,37,22,100,102,84,41,56,36.36,42.55,122,1,3,패,미출전,,,,,,,
1,KT&G,29,4,0,20,11,45,75,72,33,28,22.14,47.83,75,0,3,패,미출전,,,,,,,
1,도로공사,33,1,2,22,9,46,75,89,47,31,22.45,60.56,75,0,3,패,미출전,,,,,,,
1,GS칼텍스,52,3,1,36,14,70,96,82,43,47,34.44,44.83,91,1,3,패,미출전,,,,,,,
1,KT&G,56,5,2,19,12,77,97,127,56,51,27.59,58.06,107,1,3,패,미출전,,,,,,,
1,GS칼텍스,42,3,2,19,15,62,75,87,39,41,29.37,55.71,80,0,3,패,미출전,,,,,,,
1,현대건설,74,7,3,25,19,109,104,156,58,75,32.03,52.53,135,3,2,승,미출전,,,,,,,
2,현대건설,54,3,6,27,18,94,76,90,45,53,37.50,62.32,101,3,1,승,선발,29,37,20,0,5,54.05,25.69
2,GS칼텍스,56,9,8,30,19,101,101,98,46,51,32.94,50.00,119,2,3,패,선발,37,68,27,4,3,39.71,40.00
2,KT&G,43,8,6,14,12,75,51,82,36,40,35.54,72.92,72,3,0,승,선발,19,30,12,0,4,40.00,24.79
2,도로공사,57,5,4,30,16,86,88,95,55,54,34.55,61.90,102,1,3,패,선발,27,62,23,1,6,37.10,37.58
2,도로공사,48,1,4,21,18,75,62,62,27,46,43.24,49.09,73,3,0,승,선발,22,40,16,2,6,40.00,36.04
2,현대건설,60,3,5,18,21,96,90,94,46,57,38.46,52.50,104,3,1,승,선발,33,51,26,2,2,50.98,32.69
2,GS칼텍스,58,6,3,25,25,99,91,102,50,54,34.94,62.34,105,3,1,승,선발,30,65,24,1,6,36.92,39.16
2,KT&G,64,6,2,22,14,97,88,102,60,60,35.75,71.95,107,3,1,승,선발,22,48,17,2,4,35.42,26.82
2,GS칼텍스,58,4,6,28,18,96,79,79,45,57,43.61,64.71,93,3,1,승,선발,34,42,24,0,4,57.14,31.58
2,도로공사,43,4,9,18,15,75,56,81,29,41,33.86,56.86,74,3,0,승,선발,15,27,11,0,1,40.74,21.26
2,현대건설,56,6,5,25,22,103,103,96,56,53,32.94,57.78,114,3,2,승,선발,25,43,18,3,2,41.86,25.29
2,KT&G,72,7,5,35,7,107,110,142,86,63,30.25,81.13,129,2,3,패,선발,28,69,19,2,5,27.54,28.99
2,도로공사,50,12,3,27,21,96,99,115,51,46,27.78,51.14,109,1,3,패,선발,30,62,21,2,6,33.87,34.44
2,GS칼텍스,44,3,9,27,17,75,54,58,31,41,45.36,61.22,69,3,0,승,선발,13,25,10,1,2,40.00,25.77
2,현대건설,61,8,6,31,22,108,103,107,47,58,33.52,51.76,114,2,3,패,선발,29,62,19,1,6,30.65,34.07
2,KT&G,75,8,6,27,12,112,104,117,68,73,38.07,67.35,127,2,3,패,선발,44,74,33,4,5,44.59,37.56
2,KT&G,51,7,3,16,7,75,53,82,36,47,40.16,68.63,75,3,0,승,선발,27,46,20,3,1,43.48,36.22
2,현대건설,40,9,7,13,14,75,52,67,26,40,40.00,53.33,65,3,0,승,선발,21,29,13,1,2,44.83,29.00
2,GS칼텍스,58,11,9,31,15,109,108,120,62,57,29.74,67.05,124,2,3,패,선발,43,71,26,3,7,36.62,36.41
2,도로공사,41,3,2,22,6,54,75,62,48,40,35.96,67.16,70,0,3,패,선발,14,34,11,0,4,32.35,29.82
2,GS칼텍스,51,9,6,24,22,99,82,83,39,46,36.43,52.17,94,3,1,승,선발,26,47,16,1,4,34.04,33.57
2,현대건설,55,8,5,19,15,97,83,79,40,51,41.98,52.86,93,3,1,승,선발,38,53,26,4,4,49.06,40.46
2,KT&G,68,9,3,27,11,101,105,76,65,63,40.00,65.31,120,2,3,패,선발,32,60,25,3,9,41.67,35.29
2,도로공사,55,10,2,27,17,94,77,102,46,49,34.16,68.66,94,3,1,승,선발,29,57,20,2,7,35.09,35.40
2,GS칼텍스,47,2,6,17,9,75,52,58,35,44,49.47,80.95,62,3,0,승,선발,20,29,13,0,3,44.83,30.53
2,도로공사,43,2,2,12,6,62,75,71,36,39,36.13,59.02,70,0,3,패,선발,20,39,15,1,1,38.46,32.77
2,현대건설,52,4,6,18,24,96,71,92,38,49,37.41,60.00,92,3,1,승,선발,33,47,22,4,2,46.81,33.81
2,KT&G,47,8,5,32,13,78,89,96,49,45,28.66,58.02,92,1,3,패,선발,16,50,15,1,5,30.00,30.49
2,도로공사,49,5,0,16,13,87,89,83,40,45,37.98,61.90,90,1,3,패,선발,39,47,26,2,1,55.32,36.43
2,도로공사,55,6,4,24,24,100,77,101,45,49,33.95,75.00,96,3,1,승,선발,30,68,22,2,6,32.35,41.98
2,도로공사,35,2,3,20,15,63,76,60,38,35,31.82,58.33,72,0,3,패,선발,21,45,15,2,6,33.33,40.91
2,도로공사,38,8,3,17,14,75,57,65,35,36,38.38,85.37,67,3,0,승,선발,29,39,19,0,5,48.72,39.39
2,도로공사,46,8,5,22,23,93,83,95,40,42,30.87,62.90,97,3,1,승,선발,35,61,22,4,8,36.07,40.94
3,KT&G,51,6,2,17,11,75,53,53,34,47,53.68,63.27,68,3,0,승,선발,20,28,18,1,1,64.29,29.47
3,현대건설,56,7,12,27,19,98,76,70,35,52,44.44,44.78,96,3,1,승,선발,26,42,20,0,5,47.62,33.33
3,도로공사,61,12,5,29,24,107,110,113,53,57,35.06,50.55,127,3,2,승,선발,31,59,24,2,3,40.68,33.91
3,GS칼텍스,49,4,6,21,19,84,96,86,39,46,31.82,44.05,101,1,3,패,선발,20,44,16,1,1,36.36,28.57
3,KT&G,78,11,8,31,11,114,106,117,53,74,39.00,50.00,123,3,2,승,선발,31,58,24,2,4,41.38,29.00
3,현대건설,59,6,5,30,27,102,87,89,47,58,38.31,55.13,102,3,1,승,선발,32,53,24,1,3,45.28,34.42
3,도로공사,58,4,7,28,20,95,104,92,61,55,35.58,65.93,118,2,3,패,선발,36,63,29,2,3,46.03,38.65
3,GS칼텍스,55,11,10,29,16,98,82,72,44,46,40.74,57.75,97,3,1,승,선발,32,54,24,0,4,44.44,40.00
3,GS칼텍스,48,4,2,22,15,75,58,64,27,46,47.06,53.06,69,3,0,승,선발,18,29,15,0,3,51.72,28.43
3,도로공사,66,9,3,28,16,102,108,97,59,63,36.87,57.14,122,3,2,승,선발,28,60,23,3,4,38.33,33.52
3,현대건설,46,6,2,21,15,75,51,55,28,45,49.46,51.02,66,3,0,승,선발,20,26,16,1,3,61.54,27.96
3,KT&G,41,7,11,14,10,75,48,65,29,38,39.05,60.87,69,3,0,승,선발,21,26,11,1,0,42.31,24.76
3,GS칼텍스,64,4,4,18,22,100,89,71,42,61,47.06,54.79,102,3,1,승,선발,26,51,23,0,3,45.10,37.50
3,도로공사,51,3,6,22,22,89,80,74,36,45,36.69,50.72,93,3,1,승,선발,21,31,17,0,1,54.84,22.30
3,현대건설,59,7,7,27,19,98,86,73,47,54,43.70,57.33,98,3,1,승,선발,30,46,23,3,6,50.00,34.07
3,KT&G,61,8,10,31,12,99,93,79,49,57,39.61,51.16,108,3,1,승,선발,23,45,19,2,0,42.22,29.22
3,GS칼텍스,69,10,3,28,16,104,88,94,48,61,41.82,60.53,103,3,1,승,선발,27,53,20,3,3,37.74,32.12
3,KT&G,57,6,6,22,19,96,81,69,44,56,43.51,54.79,92,3,1,승,선발,22,35,16,2,3,45.71,26.72
3,도로공사,66,10,10,26,19,113,111,99,55,62,36.87,52.53,134,2,3,패,선발,27,49,20,3,5,40.82,27.37
3,현대건설,61,9,7,30,17,99,99,79,33,58,41.78,31.03,111,3,2,승,미출전,,,,,,,
3,GS칼텍스,51,10,6,28,14,86,93,73,46,48,34.69,48.81,101,1,3,패,선발,22,45,18,3,4,40.00,30.61
3,도로공사,50,5,3,15,13,75,47,52,25,43,53.19,59.52,64,3,0,승,선발,19,23,16,1,1,69.57,24.47
3,현대건설,39,6,6,19,18,75,56,69,21,35,35.14,43.48,72,3,0,승,선발,15,33,11,3,1,33.33,29.73
3,KT&G,44,5,8,16,13,75,50,56,31,41,45.83,60.87,64,3,0,승,선발,15,21,12,0,1,57.14,21.88
3,현대건설,54,8,6,31,11,87,93,102,44,51,30.51,45.98,102,1,3,패,선발,36,59,27,2,2,45.76,33.33
3,현대건설,43,5,6,18,16,75,54,53,26,40,45.26,57.78,70,3,0,승,선발,16,27,12,0,2,44.44,28.42
3,현대건설,60,9,2,25,17,95,86,89,51,58,40.00,66.22,102,3,1,승,선발,32,56,25,2,4,44.64,37.33
3,현대건설,65,9,1,24,23,108,108,89,63,64,39.88,59.38,153,3,2,승,선발,33,67,29,6,5,43.28,41.10
4,KT&G,51,8,3,29,18,87,96,85,52,47,33.33,64.56,107,1,3,패,선발,8,43,7,2,5,16.28,28.10
4,도로공사,50,10,8,22,24,97,83,66,35,46,42.02,46.27,100,3,1,승,선발,27,35,18,2,2,51.43,29.41
4,GS칼텍스,60,7,3,25,23,96,80,87,40,54,39.47,60.61,103,3,1,승,선발,25,46,21,1,3,45.65,30.26
4,현대건설,44,7,4,15,14,75,51,63,15,44,44.90,33.33,72,3,0,승,선발,21,31,17,0,1,54.84,31.63
4,도로공사,56,8,3,26,29,99,84,86,30,55,38.36,39.13,103,3,1,승,선발,29,55,26,1,5,47.27,37.67
4,GS칼텍스,64,6,3,32,18,98,97,87,54,57,40.76,59.30,114,3,1,승,선발,28,50,26,0,5,52.00,31.85
4,현대건설,57,8,6,19,28,104,89,91,38,56,39.04,42.67,114,3,1,승,선발,26,49,19,3,3,38.78,33.56
4,KT&G,43,6,4,18,19,75,56,68,19,41,39.81,38.78,76,3,0,승,선발,24,44,20,0,2,45.45,40.74
4,GS칼텍스,50,7,1,11,11,75,47,68,30,48,49.50,70.73,68,3,0,승,선발,29,41,23,0,0,56.10,40.59
4,도로공사,56,8,4,26,22,96,92,96,38,55,35.22,43.21,114,3,1,승,선발,31,50,26,0,6,52.00,31.45
4,현대건설,45,3,6,18,14,75,60,79,24,42,37.50,38.89,78,3,0,승,선발,16,26,14,0,1,53.85,21.67
4,KT&G,41,8,4,15,16,75,58,65,31,39,39.05,63.27,73,3,0,승,선발,15,23,13,0,0,56.52,21.90
4,도로공사,42,9,5,19,17,75,60,69,27,39,37.50,50.00,76,3,0,승,선발,12,24,10,1,1,41.67,21.43
4,현대건설,45,5,6,15,13,75,56,46,35,41,50.00,61.54,74,3,0,승,선발,20,26,15,0,2,57.69,28.89
4,KT&G,56,8,2,32,17,88,97,96,58,54,33.14,62.92,107,1,3,패,선발,28,55,21,4,6,38.18,32.54
4,GS칼텍스,43,6,3,21,18,75,60,56,31,40,43.88,54.90,71,3,0,승,선발,18,26,14,3,1,53.85,26.53
4,도로공사,40,11,5,17,15,76,62,83,33,39,34.19,54.72,84,3,0,승,선발,25,43,18,0,2,41.86,36.75
4,현대건설,67,6,6,35,19,106,100,81,52,64,43.79,55.95,121,3,1,승,선발,36,47,28,1,3,59.57,30.72
4,KT&G,75,8,2,37,13,104,106,109,32,73,40.54,29.17,122,3,2,승,선발,35,69,33,2,7,47.83,37.30
4,GS칼텍스,63,7,3,24,22,103,93,97,48,58,36.21,56.79,114,3,2,승,선발,40,70,33,1,7,47.14,40.23
4,GS칼텍스,34,1,2,25,14,56,75,72,35,30,29.06,53.13,74,0,3,패,선발,8,15,7,1,1,46.67,12.82
4,도로공사,52,9,4,23,25,98,85,77,42,47,34.90,54.17,102,3,1,승,선발,18,41,14,2,5,34.15,27.52
4,KT&G,49,7,3,20,11,75,51,59,24,47,52.13,52.27,73,3,0,승,선발,20,28,17,1,2,60.71,29.79
4,현대건설,79,4,2,23,22,116,107,96,54,73,47.88,51.09,125,3,2,승,선발,30,49,26,5,4,53.06,29.70
4,현대건설,73,4,6,32,16,107,97,87,50,72,46.79,56.47,119,3,2,승,선발,29,49,26,4,2,53.06,31.41
4,KT&G,60,6,3,26,19,95,93,73,46,57,41.96,55.70,99,3,1,승,선발,30,47,26,1,1,55.32,32.87
4,도로공사,44,4,5,31,24,83,95,90,38,38,29.14,38.10,108,1,3,패,선발,9,10,6,0,2,60.00,6.62
4,GS칼텍스,64,5,7,35,20,105,100,90,46,58,39.75,51.81,113,3,2,승,선발,12,28,9,1,4,32.14,17.39
4,GS칼텍스,60,5,8,23,16,97,80,75,41,58,45.80,58.82,100,3,1,승,선발,29,43,24,2,5,55.81,32.82
4,GS칼텍스,53,7,4,33,14,82,104,88,55,52,32.32,59.55,114,2,3,패,선발,23,55,21,2,7,38.18,33.54
4,GS칼텍스,63,6,3,24,12,92,94,84,49,60,39.87,57.32,108,1,3,패,선발,22,45,20,2,2,44.44,28.48
4,GS칼텍스,57,6,1,38,19,88,97,102,51,55,34.13,56.98,117,1,3,패,선발,28,66,23,6,6,34.85,39.52
5,KT&G,55,13,7,31,23,98,99,80,57,49,33.95,61.11,120,1,3,패,선발,26,47,21,3,4,44.68,29.01
5,GS칼텍스,67,8,5,24,28,108,95,98,53,63,40.61,59.04,131,3,2,승,선발,29,61,25,2,5,40.98,36.97
5,도로공사,58,13,6,24,21,98,76,83,32,54,39.73,40.28,107,3,1,승,선발,19,35,16,2,1,45.71,23.97
5,현대건설,56,8,6,26,17,87,77,65,32,52,45.16,42.03,93,3,1,승,선발,14,27,12,0,2,44.44,21.77
5,현대건설,55,8,5,25,19,87,91,77,34,53,39.01,34.15,104,1,3,패,선발,17,32,13,2,4,40.63,22.70
5,GS칼텍스,68,5,6,31,15,94,86,77,44,62,46.58,54.43,106,3,1,승,선발,18,36,17,2,2,47.22,24.66
5,KT&G,52,7,7,20,9,75,65,70,21,51,44.83,30.65,83,3,0,승,선발,16,29,12,0,3,41.38,25.00
5,도로공사,44,8,4,16,19,75,46,62,23,42,46.81,53.49,72,3,0,승,선발,12,22,9,2,0,40.91,23.40
5,현대건설,49,7,3,15,16,75,59,62,30,48,45.37,53.70,80,3,0,승,선발,18,23,15,0,1,65.22,21.30
5,GS칼텍스,67,9,3,27,20,100,105,79,56,62,40.61,54.64,123,2,3,패,선발,35,53,29,1,2,54.72,32.12
5,도로공사,60,6,9,21,19,94,89,70,42,57,43.80,45.78,106,3,1,승,선발,16,24,13,1,1,54.17,17.52
5,KT&G,49,8,8,23,10,75,63,62,33,48,45.79,50.85,79,3,0,승,선발,15,26,14,0,3,53.85,24.30
5,GS칼텍스,72,7,5,37,20,104,102,93,53,69,41.86,54.26,125,3,2,승,선발,30,54,26,2,6,48.15,31.40
5,KT&G,63,3,5,27,14,85,99,88,50,62,37.50,50.54,106,1,3,패,선발,23,44,22,3,2,50.00,26.19
5,현대건설,69,9,3,20,20,102,101,80,44,66,44.23,41.05,124,3,2,승,선발,30,51,23,2,2,45.10,32.69
5,도로공사,69,4,5,22,25,103,106,103,76,68,37.50,73.00,133,2,3,패,선발,28,62,26,1,4,41.94,33.70
5,현대건설,70,10,1,27,26,107,108,101,57,68,39.77,57.73,130,2,3,패,선발,23,52,22,3,2,42.31,29.55
5,도로공사,61,5,3,35,16,85,96,72,51,59,40.13,52.17,105,1,3,패,선발,28,41,26,1,1,63.41,26.97
5,KT&G,69,6,6,30,28,109,116,118,72,66,33.17,62.16,143,2,3,패,선발,22,54,19,3,6,35.19,25.96
5,GS칼텍스,74,8,9,21,18,109,104,96,51,70,41.11,48.48,128,3,2,승,선발,37,64,32,3,1,50.00,35.56
5,도로공사,75,7,3,22,22,107,100,89,62,73,44.12,60.82,125,3,2,승,선발,30,52,27,1,3,51.92,30.59
5,KT&G,73,8,6,23,20,107,107,82,46,70,44.79,43.56,123,2,3,패,선발,37,56,31,1,3,55.36,34.36
5,현대건설,46,3,3,18,15,67,78,72,33,44,35.94,42.25,87,0,3,패,선발,18,38,14,5,1,36.84,29.69
5,GS칼텍스,70,4,2,21,20,96,103,103,65,65,40.00,64.89,124,1,3,패,선발,29,53,26,0,2,49.06,30.29
5,현대건설,52,8,3,13,12,75,53,67,25,51,49.06,52.08,73,3,0,승,선발,19,30,16,0,1,53.33,28.30
5,KT&G,59,8,6,27,22,95,104,86,53,58,34.91,50.00,116,2,3,패,선발,15,33,11,2,3,33.33,19.53
5,도로공사,71,13,3,24,15,102,106,67,54,69,46.41,52.00,117,3,2,승,선발,37,62,31,3,7,50.00,40.52
5,GS칼텍스,60,13,10,28,18,101,81,98,45,58,39.47,58.90,111,3,1,승,선발,29,43,19,0,4,44.19,28.29
5,KT&G,76,5,5,30,23,109,91,94,57,67,44.97,67.06,125,3,2,승,선발,40,63,37,3,7,58.73,37.28
5,KT&G,60,8,6,24,17,91,78,75,36,52,44.12,47.22,103,3,1,승,선발,23,48,18,3,7,37.50,35.29
5,GS칼텍스,37,6,2,17,8,53,75,51,45,35,36.27,57.14,76,0,3,패,선발,11,21,9,0,2,42.86,20.59
5,GS칼텍스,78,7,3,28,16,104,98,95,53,74,47.56,50.54,128,3,2,승,선발,23,43,21,0,5,48.84,26.22
5,GS칼텍스,63,11,6,32,18,98,94,92,55,58,37.50,59.34,123,3,1,승,선발,26,44,21,2,1,47.73,26.19
5,GS칼텍스,72,6,4,28,15,97,85,77,46,66,48.32,53.09,110,3,1,승,선발,33,46,30,1,3,65.22,30.87
6,도로공사,53,5,7,32,34,99,110,92,43,51,34.87,37.23,129,2,3,패,미출전,,,,,,,
6,KT&G,72,8,8,30,19,107,98,127,39,69,37.11,35.87,130,2,3,패,미출전,,,,,,,
6,GS칼텍스,64,9,8,37,21,102,103,97,45,59,36.78,41.67,124,2,3,패,미출전,,,,,,,
6,현대건설,74,7,7,25,20,108,106,95,43,68,42.77,38.54,137,3,2,승,미출전,,,,,,,
6,도로공사,57,11,6,33,35,109,99,92,46,52,33.93,51.72,130,3,2,승,미출전,,,,,,,
6,KT&G,58,5,1,22,18,83,96,91,30,55,37.18,29.07,115,1,3,패,미출전,,,,,,,
6,GS칼텍스,55,9,6,28,17,87,83,99,31,53,34.81,40.54,110,3,1,승,미출전,,,,,,,
6,현대건설,50,6,2,30,23,81,88,86,28,45,33.56,32.43,101,1,3,패,미출전,,,,,,,
6,GS칼텍스,68,8,4,29,16,97,92,120,52,63,34.87,53.93,120,3,1,승,미출전,,,,,,,
6,현대건설,57,5,8,29,23,93,97,76,41,54,39.04,41.18,109,1,3,패,미출전,,,,,,,
6,도로공사,64,9,5,33,26,104,108,111,54,62,34.97,54.64,133,3,2,승,미출전,,,,,,,
6,도로공사,59,3,9,18,26,97,84,89,42,52,38.06,51.28,110,3,1,승,미출전,,,,,,,
6,KT&G,57,7,6,30,26,96,111,98,47,56,31.67,40.59,125,2,3,패,미출전,,,,,,,
6,GS칼텍스,35,6,3,19,16,60,75,76,19,31,28.69,24.29,84,0,3,패,미출전,,,,,,,
6,도로공사,52,5,3,27,24,84,94,58,38,51,41.27,43.75,104,1,3,패,미출전,,,,,,,
6,KT&G,53,8,6,24,23,90,88,78,35,46,36.81,41.56,109,1,3,패,미출전,,,,,,,
6,GS칼텍스,44,0,2,22,17,63,75,86,37,42,32.35,50.00,85,0,3,패,미출전,,,,,,,
6,현대건설,55,2,2,20,21,80,95,85,32,49,35.95,36.59,106,1,3,패,미출전,,,,,,,
6,KT&G,60,4,6,26,18,88,97,93,50,56,36.14,50.00,115,1,3,패,미출전,,,,,,,
6,현대건설,34,6,2,16,22,64,75,77,27,31,27.64,33.85,86,0,3,패,미출전,,,,,,,
6,KT&G,37,4,2,23,14,57,75,69,26,36,31.62,35.94,77,0,3,패,미출전,,,,,,,
6,도로공사,36,5,2,12,15,58,75,67,26,34,32.43,33.33,78,0,3,패,미출전,,,,,,,
6,GS칼텍스,39,2,4,26,15,60,97,71,53,37,26.71,58.62,95,1,3,패,미출전,,,,,,,
6,현대건설,48,7,2,23,33,90,96,91,31,48,31.79,33.75,115,1,3,패,미출전,,,,,,,
6,GS칼텍스,37,4,1,19,18,60,75,106,25,36,24.50,35.38,85,0,3,패,미출전,,,,,,,
6,현대건설,47,4,3,18,25,79,92,90,34,43,31.13,38.46,107,1,3,패,미출전,,,,,,,
6,KT&G,53,4,4,14,14,75,51,89,23,49,42.06,50.00,77,3,0,승,미출전,,,,,,,
6,도로공사,58,11,3,25,19,91,84,95,44,54,37.91,55.13,102,3,1,승,미출전,,,,,,,
7,도로공사,33,7,2,20,19,61,75,77,20,32,29.46,23.44,76,0,3,패,미출전,,,,,,,
7,현대건설,45,7,5,28,35,92,101,75,32,44,33.09,34.57,101,2,3,패,미출전,,,,,,,
7,GS칼텍스,49,6,6,29,22,83,92,93,45,47,29.70,50.62,93,1,3,패,미출전,,,,,,,
7,인삼공사,46,2,2,22,15,65,75,69,36,46,36.22,44.93,78,0,3,패,미출전,,,,,,,
7,도로공사,59,9,11,26,22,101,87,106,29,57,36.65,27.63,108,3,1,승,미출전,,,,,,,
7,인삼공사,52,9,4,21,24,89,82,110,34,49,33.33,47.76,95,3,1,승,미출전,,,,,,,
7,GS칼텍스,58,13,5,17,22,98,69,82,32,55,46.77,47.46,85,3,1,승,미출전,,,,,,,
7,현대건설,48,9,10,24,39,106,105,80,32,47,34.78,30.86,115,2,3,패,미출전,,,,,,,
7,현대건설,51,13,5,21,38,107,108,84,36,49,34.23,28.89,119,2,3,패,미출전,,,,,,,
7,도로공사,45,12,2,18,34,93,86,118,30,42,26.95,33.78,104,3,1,승,미출전,,,,,,,
7,GS칼텍스,65,10,2,27,20,97,81,120,31,62,36.52,36.00,98,3,1,승,미출전,,,,,,,
7,인삼공사,54,4,3,10,14,75,59,72,27,49,44.63,49.02,74,3,0,승,미출전,,,,,,,
7,현대건설,49,5,1,21,23,78,99,66,32,45,37.69,27.91,98,1,3,패,미출전,,,,,,,
7,도로공사,58,4,5,21,27,94,103,110,38,54,35.80,34.12,111,1,3,패,미출전,,,,,,,
7,인삼공사,50,2,4,15,20,76,64,96,33,48,34.48,58.18,80,3,0,승,미출전,,,,,,,
7,현대건설,45,11,4,22,28,88,89,78,27,44,31.69,31.08,96,1,3,패,미출전,,,,,,,
7,GS칼텍스,59,8,6,19,26,99,84,85,40,55,38.56,52.70,98,3,1,승,미출전,,,,,,,
7,도로공사,42,9,2,24,29,82,98,60,38,40,34.15,34.52,98,1,3,패,미출전,,,,,,,
7,인삼공사,72,13,7,21,24,116,113,110,48,68,37.70,44.90,122,3,2,승,미출전,,,,,,,
7,도로공사,38,12,6,13,19,75,51,63,12,37,40.86,21.95,69,3,0,승,미출전,,,,,,,
7,GS칼텍스,55,11,3,21,27,96,79,102,31,50,36.18,38.81,97,3,1,승,미출전,,,,,,,
7,GS칼텍스,42,9,3,16,21,75,65,82,26,37,32.81,31.25,80,3,0,승,미출전,,,,,,,
7,현대건설,31,3,3,24,26,63,75,49,16,30,31.96,14.52,71,0,3,패,미출전,,,,,,,
7,인삼공사,78,5,6,23,21,110,106,102,48,76,44.32,45.26,119,3,2,승,미출전,,,,,,,
7,도로공사,42,5,5,21,23,75,58,57,23,42,43.75,45.83,71,3,0,승,미출전,,,,,,,
7,도로공사,62,9,7,32,34,112,107,105,39,60,35.43,33.33,125,3,2,승,미출전,,,,,,,
7,도로공사,57,8,3,24,21,89,109,92,35,56,34.97,27.08,112,2,3,패,미출전,,,,,,,
7,도로공사,55,7,6,21,27,95,96,87,41,53,36.18,43.68,104,1,3,패,미출전,,,,,,,
7,도로공사,48,8,3,17,18,77,60,58,31,43,45.28,52.73,72,3,0,승,미출전,,,,,,,
7,현대건설,33,8,1,18,16,58,75,71,15,31,29.73,17.74,74,0,3,패,미출전,,,,,,,
7,현대건설,52,4,3,9,18,77,68,58,31,48,47.27,37.50,80,3,0,승,미출전,,,,,,,
7,현대건설,56,12,3,19,32,103,99,83,32,53,37.09,31.03,119,2,3,패,미출전,,,,,,,
7,현대건설,69,6,5,21,35,115,112,109,50,64,37.10,45.00,128,3,2,승,미출전,,,,,,,
7,현대건설,65,10,4,20,30,109,112,100,50,61,37.57,46.94,129,2,3,패,미출전,,,,,,,
7,현대건설,52,7,3,28,25,87,96,80,41,51,36.11,40.00,106,1,3,패,미출전,,,,,,,
8,현대건설,45,5,6,26,35,91,102,89,28,45,31.25,25.93,104,1,3,패,미출전,,,,,,,
8,도로공사,50,9,5,23,32,96,83,80,25,45,39.37,26.09,98,3,1,승,미출전,,,,,,,
8,IBK기업은행,37,4,7,17,14,62,75,60,27,35,33.04,34.38,76,0,3,패,미출전,,,,,,,
8,GS칼텍스,64,5,4,24,33,106,107,74,32,62,47.76,23.96,115,3,2,승,미출전,,,,,,,
8,KGC인삼공사,59,2,7,31,25,93,107,80,33,57,39.60,30.43,115,2,3,패,미출전,,,,,,,
8,IBK기업은행,63,3,9,23,19,94,100,73,36,60,43.15,31.52,109,1,3,패,미출전,,,,,,,
8,도로공사,44,6,2,12,23,75,45,64,12,42,48.35,17.50,67,3,0,승,미출전,,,,,,,
8,GS칼텍스,48,7,2,13,18,75,60,65,30,47,42.86,45.61,71,3,0,승,미출전,,,,,,,
8,KGC인삼공사,73,7,5,22,28,113,114,92,45,71,41.71,42.16,119,3,2,승,미출전,,,,,,,
8,현대건설,61,9,1,22,29,100,99,87,39,58,40.94,43.37,113,2,3,패,미출전,,,,,,,
8,도로공사,59,10,4,23,32,106,111,112,38,58,32.78,30.21,119,2,3,패,미출전,,,,,,,
8,IBK기업은행,47,3,7,10,18,75,65,62,24,46,45.19,34.43,76,3,0,승,미출전,,,,,,,
8,현대건설,54,6,5,15,31,96,83,73,40,51,42.86,50.00,101,3,1,승,미출전,,,,,,,
8,GS칼텍스,62,5,2,13,22,91,73,75,35,58,45.59,44.93,87,3,1,승,미출전,,,,,,,
8,KGC인삼공사,61,6,5,14,20,92,95,93,55,53,36.75,62.35,100,1,3,패,미출전,,,,,,,
8,현대건설,69,6,2,21,23,100,108,102,58,63,36.90,55.56,119,3,2,승,미출전,,,,,,,
8,GS칼텍스,67,6,3,19,22,98,83,72,33,65,49.63,41.03,98,3,1,승,미출전,,,,,,,
8,도로공사,42,5,4,23,34,85,92,65,25,40,38.18,18.42,95,1,3,패,미출전,,,,,,,
8,KGC인삼공사,43,1,5,21,13,62,75,55,40,43,40.95,50.77,74,0,3,패,미출전,,,,,,,
8,IBK기업은행,61,5,8,31,30,105,108,83,47,55,41.50,42.53,125,1,3,패,미출전,,,,,,,
8,KGC인삼공사,43,2,7,22,18,70,77,52,41,42,41.75,58.46,73,0,3,패,미출전,,,,,,,
8,GS칼텍스,61,12,4,15,20,97,85,96,38,60,39.10,43.75,102,3,1,승,미출전,,,,,,,
8,현대건설,70,7,7,27,22,106,112,84,32,67,45.75,26.53,122,2,3,패,미출전,,,,,,,
8,IBK기업은행,64,10,5,30,18,97,104,89,40,61,38.79,37.63,109,2,3,패,미출전,,,,,,,
8,도로공사,57,4,8,32,31,100,102,76,37,56,40.14,36.90,114,2,3,패,미출전,,,,,,,
8,KGC인삼공사,52,3,4,24,23,82,94,75,35,51,36.88,37.35,94,1,3,패,미출전,,,,,,,
8,도로공사,37,6,5,20,28,76,96,66,29,35,34.58,23.08,92,1,3,패,미출전,,,,,,,
8,현대건설,56,2,6,14,29,93,102,77,26,52,40.29,21.18,113,3,2,승,미출전,,,,,,,
8,GS칼텍스,59,7,6,21,21,93,80,79,50,56,42.75,63.16,91,3,1,승,미출전,,,,,,,
8,IBK기업은행,44,4,6,21,16,70,78,66,36,44,37.93,44.44,80,0,3,패,미출전,,,,,,,
9,IBK기업은행,59,6,7,33,23,95,97,84,28,58,41.26,28.74,107,2,3,패,미출전,,,,,,,
9,현대건설,59,5,6,24,28,98,92,84,28,56,42.45,28.40,107,3,1,승,미출전,,,,,,,
9,KGC인삼공사,55,10,7,31,17,89,94,77,33,52,39.86,33.73,108,1,3,패,미출전,,,,,,,
9,GS칼텍스,50,3,6,20,11,70,81,60,36,49,42.37,43.42,83,0,3,패,미출전,,,,,,,
9,도로공사,53,6,7,20,30,96,106,57,39,51,45.30,32.95,113,2,3,패,미출전,,,,,,,
9,IBK기업은행,33,1,4,22,13,51,75,44,33,32,37.08,39.71,67,0,3,패,미출전,,,,,,,
9,도로공사,54,5,8,35,28,95,101,62,30,53,47.37,25.00,109,1,3,패,미출전,,,,,,,
9,GS칼텍스,51,7,4,18,20,82,90,75,33,47,39.23,32.91,94,1,3,패,미출전,,,,,,,
9,KGC인삼공사,52,5,4,15,15,76,63,85,22,50,44.83,24.19,87,3,0,승,미출전,,,,,,,
9,현대건설,40,2,3,15,16,61,75,42,21,38,45.98,20.00,71,0,3,패,미출전,,,,,,,
9,IBK기업은행,54,6,3,25,12,75,99,63,33,53,44.26,27.47,97,1,3,패,미출전,,,,,,,
9,도로공사,23,3,3,22,19,48,75,32,18,22,34.85,16.13,65,0,3,패,미출전,,,,,,,
9,KGC인삼공사,37,10,9,15,19,75,46,61,12,35,42.53,17.50,69,3,0,승,미출전,,,,,,,
9,현대건설,53,2,3,23,31,89,102,59,27,51,44.17,22.99,104,2,3,패,미출전,,,,,,,
9,GS칼텍스,43,8,3,12,21,75,64,53,35,40,40.95,52.54,75,3,0,승,미출전,,,,,,,
9,KGC인삼공사,48,6,6,28,33,93,85,71,35,46,42.11,40.85,94,3,1,승,미출전,,,,,,,
9,도로공사,21,2,7,16,22,52,75,27,12,18,35.00,0.00,69,0,3,패,미출전,,,,,,,
9,IBK기업은행,47,2,4,16,13,66,80,70,33,47,40.87,36.11,85,0,3,패,미출전,,,,,,,
9,GS칼텍스,34,2,6,22,13,55,75,42,17,34,39.08,18.75,69,0,3,패,미출전,,,,,,,
9,현대건설,33,6,3,18,16,58,75,38,28,33,41.77,33.87,69,0,3,패,미출전,,,,,,,
9,도로공사,48,19,11,32,23,101,99,66,35,47,36.92,30.34,110,3,1,승,미출전,,,,,,,
9,GS칼텍스,41,4,7,16,15,67,75,52,23,41,40.20,27.94,81,0,3,패,미출전,,,,,,,
9,현대건설,23,2,3,26,18,46,75,39,20,20,28.75,22.03,62,0,3,패,미출전,,,,,,,
9,IBK기업은행,27,4,3,33,11,45,75,46,22,25,30.34,22.73,65,0,3,패,미출전,,,,,,,
9,KGC인삼공사,51,5,8,28,21,85,97,63,25,49,44.35,26.25,99,1,3,패,미출전,,,,,,,
9,도로공사,23,4,1,19,18,46,75,40,19,23,27.71,4.69,66,0,3,패,미출전,,,,,,,
9,GS칼텍스,37,1,5,17,24,67,82,64,27,34,35.24,25.35,82,0,3,패,미출전,,,,,,,
9,현대건설,28,4,5,18,18,55,75,45,27,27,32.94,34.92,69,0,3,패,미출전,,,,,,,
9,IBK기업은행,45,4,6,27,26,81,99,74,33,42,32.85,30.34,102,1,3,패,미출전,,,,,,,
9,KGC인삼공사,47,13,6,36,28,94,101,91,32,46,29.38,28.26,110,2,3,패,미출전,,,,,,,
10,KGC인삼공사,50,3,4,26,31,88,97,71,33,48,38.76,29.76,108,1,3,패,미출전,,,,,,,
10,IBK기업은행,56,7,5,31,26,94,108,103,27,53,33.94,16.49,126,2,3,패,미출전,,,,,,,
10,한국도로공사,65,6,3,29,37,111,103,118,33,62,37.57,32.22,133,3,2,승,미출전,,,,,,,
10,GS칼텍스,63,10,7,37,29,109,109,96,44,61,37.06,40.21,129,2,3,패,미출전,,,,,,,
10,현대건설,66,8,12,25,27,113,105,91,48,65,40.49,46.81,128,3,2,승,미출전,,,,,,,
10,한국도로공사,60,7,9,29,22,98,88,84,41,56,39.74,52.00,108,3,1,승,미출전,,,,,,,
10,현대건설,63,8,6,26,23,100,111,91,38,60,38.65,29.13,128,3,2,승,미출전,,,,,,,
10,GS칼텍스,57,3,6,19,15,81,97,61,32,57,45.24,23.08,102,1,3,패,미출전,,,,,,,
10,IBK기업은행,32,3,1,13,20,56,75,69,35,30,27.83,47.76,80,0,3,패,미출전,,,,,,,
10,KGC인삼공사,47,7,5,28,22,81,92,86,33,45,32.19,34.18,103,1,3,패,미출전,,,,,,,
10,한국도로공사,74,7,6,19,20,107,105,95,48,71,44.31,36.08,123,3,2,승,미출전,,,,,,,
10,KGC인삼공사,31,3,0,27,14,48,75,46,24,29,31.96,27.94,68,0,3,패,미출전,,,,,,,
10,한국도로공사,41,2,2,20,18,63,75,83,33,40,30.60,43.48,85,0,3,패,미출전,,,,,,,
10,IBK기업은행,38,2,7,22,16,63,75,58,25,33,36.89,30.77,80,0,3,패,미출전,,,,,,,
10,GS칼텍스,30,5,1,13,19,55,75,44,37,27,30.93,52.24,75,0,3,패,미출전,,,,,,,
10,현대건설,34,2,1,16,25,62,75,39,26,31,37.78,33.33,75,0,3,패,미출전,,,,,,,
10,한국도로공사,34,6,3,24,20,63,75,50,33,33,34.34,43.28,79,0,3,패,미출전,,,,,,,
10,KGC인삼공사,44,7,8,28,17,76,96,66,44,43,34.65,44.05,98,1,3,패,미출전,,,,,,,
10,IBK기업은행,32,5,0,21,13,50,75,64,27,31,30.77,32.31,75,0,3,패,미출전,,,,,,,
10,GS칼텍스,59,1,5,23,20,85,95,79,47,57,39.07,51.16,112,1,3,패,미출전,,,,,,,
10,KGC인삼공사,38,4,3,11,19,64,75,63,30,37,35.19,37.88,84,0,3,패,미출전,,,,,,,
10,현대건설,41,2,6,15,26,75,57,63,19,40,41.41,35.42,76,3,0,승,미출전,,,,,,,
10,IBK기업은행,31,1,8,20,12,52,75,64,26,29,28.97,27.27,76,0,3,패,미출전,,,,,,,
10,GS칼텍스,31,4,4,14,12,51,75,51,37,31,29.81,52.94,70,0,3,패,미출전,,,,,,,
10,KGC인삼공사,52,3,2,27,18,75,99,79,42,51,36.62,38.04,98,1,3,패,미출전,,,,,,,
10,GS칼텍스,41,4,3,21,15,63,80,51,33,38,39.81,44.29,81,0,3,패,미출전,,,,,,,
10,IBK기업은행,31,2,3,15,11,47,75,48,34,31,31.00,41.18,70,0,3,패,미출전,,,,,,,
10,현대건설,42,4,2,17,15,63,76,55,31,41,40.38,36.76,76,0,3,패,미출전,,,,,,,
10,현대건설,58,7,8,24,34,107,98,75,42,55,39.19,41.38,116,3,2,승,미출전,,,,,,,
10,한국도로공사,57,13,8,21,24,102,108,91,35,56,35.85,30.53,129,2,3,패,미출전,,,,,,,
11,GS칼텍스,63,10,7,19,32,112,105,101,50,59,39.62,42.70,135,3,2,승,미출전,,,,,,,
11,현대건설,49,10,3,21,20,82,91,70,38,49,39.52,40.48,100,1,3,패,미출전,,,,,,,
11,IBK기업은행,46,5,3,15,21,75,65,60,30,42,42.59,52.73,85,3,0,승,미출전,,,,,,,
11,한국도로공사,43,7,9,14,16,75,53,69,20,42,42.16,36.96,76,3,0,승,미출전,,,,,,,
11,KGC인삼공사,44,8,7,21,19,78,63,54,30,40,45.36,49.09,79,3,0,승,미출전,,,,,,,
11,한국도로공사,30,3,4,18,16,53,75,55,22,27,32.97,25.00,74,0,3,패,미출전,,,,,,,
11,IBK기업은행,60,5,8,30,26,100,114,93,40,52,36.14,24.51,132,2,3,패,미출전,,,,,,,
11,현대건설,62,8,8,28,26,104,116,98,43,58,35.63,30.91,136,2,3,패,미출전,,,,,,,
11,GS칼텍스,62,3,8,26,32,105,106,83,37,59,41.06,27.84,129,3,2,승,미출전,,,,,,,
11,KGC인삼공사,53,3,5,9,14,75,57,56,36,52,50.96,60.00,74,3,0,승,미출전,,,,,,,
11,KGC인삼공사,42,5,3,12,25,75,57,72,22,39,38.18,41.67,82,3,0,승,미출전,,,,,,,
11,한국도로공사,56,13,6,22,27,102,97,92,48,52,34.57,48.84,122,3,2,승,미출전,,,,,,,
11,IBK기업은행,68,7,9,21,22,106,109,95,51,66,40.00,45.00,133,2,3,패,미출전,,,,,,,
11,GS칼텍스,34,5,1,19,12,52,75,54,34,34,31.19,46.27,75,0,3,패,미출전,,,,,,,
11,현대건설,28,5,2,20,25,60,75,47,21,27,31.82,19.35,79,0,3,패,미출전,,,,,,,
11,IBK기업은행,40,6,4,22,27,77,87,60,27,37,35.40,31.43,98,1,3,패,미출전,,,,,,,
11,KGC인삼공사,57,4,6,25,20,87,99,70,48,56,38.78,47.31,102,1,3,패,미출전,,,,,,,
11,한국도로공사,30,4,3,26,17,54,75,49,31,28,30.61,40.00,72,0,3,패,미출전,,,,,,,
11,현대건설,46,9,6,7,35,96,80,45,32,43,45.10,38.24,102,3,1,승,미출전,,,,,,,
11,GS칼텍스,62,15,7,25,20,104,99,89,40,56,37.35,32.58,126,3,2,승,미출전,,,,,,,
11,한국도로공사,49,9,3,13,18,79,95,90,40,49,32.89,35.29,107,1,3,패,미출전,,,,,,,
11,IBK기업은행,49,7,3,20,17,76,67,59,31,49,43.75,44.44,92,3,0,승,미출전,,,,,,,
11,현대건설,24,6,0,17,16,46,76,49,27,24,24.49,27.14,70,0,3,패,미출전,,,,,,,
11,KGC인삼공사,68,8,4,27,23,103,104,94,40,64,39.08,34.74,126,2,3,패,미출전,,,,,,,
11,GS칼텍스,55,10,5,21,21,91,73,89,33,54,38.46,44.12,98,3,1,승,미출전,,,,,,,
11,현대건설,61,3,6,20,19,89,90,79,29,59,44.53,25.30,105,1,3,패,미출전,,,,,,,
11,GS칼텍스,56,8,1,14,29,94,89,84,35,54,38.89,35.00,116,3,1,승,미출전,,,,,,,
11,KGC인삼공사,59,7,6,21,22,94,80,75,46,56,43.07,59.72,101,3,1,승,미출전,,,,,,,
11,한국도로공사,43,7,8,16,17,75,50,59,22,38,43.00,43.18,69,3,0,승,미출전,,,,,,,
11,IBK기업은행,29,2,1,14,8,40,75,38,28,29,33.72,28.99,75,0,3,패,미출전,,,,,,,
12,현대건설,70,7,4,19,20,101,103,101,33,68,41.67,26.80,125,3,2,승,미출전,,,,,,,
12,KGC인삼공사,73,6,4,24,29,112,116,125,47,69,35.96,39.05,143,3,2,승,미출전,,,,,,,
12,IBK기업은행,31,10,4,26,17,62,75,48,31,31,32.98,45.16,78,0,3,패,미출전,,,,,,,
12,GS칼텍스,46,7,6,14,16,75,64,58,31,43,41.82,45.90,87,3,0,승,미출전,,,,,,,
12,한국도로공사,60,9,4,23,30,103,90,93,47,56,36.59,53.75,121,3,2,승,미출전,,,,,,,
12,현대건설,62,7,3,18,27,99,104,111,38,61,33.70,33.33,130,3,2,승,미출전,,,,,,,
12,IBK기업은행,40,4,4,19,8,56,77,70,26,38,33.33,26.09,78,0,3,패,미출전,,,,,,,
12,GS칼텍스,73,9,1,27,19,102,106,122,41,68,36.50,36.63,135,2,3,패,미출전,,,,,,,
12,KGC인삼공사,59,9,6,19,17,91,77,103,25,58,39.60,22.67,104,3,1,승,미출전,,,,,,,
12,한국도로공사,42,10,4,11,19,75,51,65,16,39,40.78,27.66,81,3,0,승,미출전,,,,,,,
12,한국도로공사,42,8,8,13,17,75,60,71,28,39,37.84,46.43,86,3,0,승,미출전,,,,,,,
12,KGC인삼공사,66,5,5,23,24,100,89,129,40,66,34.74,45.78,122,3,1,승,미출전,,,,,,,
12,IBK기업은행,50,2,3,21,27,82,100,99,39,48,31.45,39.02,116,1,3,패,미출전,,,,,,,
12,현대건설,38,3,2,13,15,58,75,75,21,36,30.16,27.94,80,0,3,패,미출전,,,,,,,
12,GS칼텍스,53,10,3,21,30,96,101,130,45,52,26.50,46.24,129,2,3,패,미출전,,,,,,,
12,GS칼텍스,78,9,8,25,17,112,106,109,44,75,41.05,41.18,141,3,2,승,미출전,,,,,,,
12,현대건설,47,5,6,11,23,81,64,66,29,40,41.23,42.86,83,3,0,승,미출전,,,,,,,
12,KGC인삼공사,62,10,6,34,27,105,106,111,52,59,32.12,51.58,128,3,2,승,미출전,,,,,,,
12,IBK기업은행,45,1,7,25,11,64,76,79,27,42,33.09,32.39,87,0,3,패,미출전,,,,,,,
12,한국도로공사,40,9,6,15,24,79,66,67,34,37,34.78,47.54,93,3,0,승,미출전,,,,,,,
12,GS칼텍스,46,6,2,23,19,73,81,76,21,43,35.11,23.61,98,0,3,패,미출전,,,,,,,
12,IBK기업은행,75,7,5,25,15,102,107,105,42,70,41.21,35.29,135,2,3,패,미출전,,,,,,,
12,현대건설,54,4,3,21,20,82,91,93,42,52,33.54,51.25,107,1,3,패,미출전,,,,,,,
12,한국도로공사,26,4,3,22,19,52,76,64,33,25,23.42,44.78,76,0,3,패,미출전,,,,,,,
12,KGC인삼공사,63,11,10,24,24,108,97,117,39,61,34.05,37.93,124,3,2,승,미출전,,,,,,,
12,IBK기업은행,63,6,3,19,25,97,89,85,27,62,42.28,25.61,113,3,1,승,미출전,,,,,,,
12,KGC인삼공사,36,5,1,21,14,56,75,87,33,36,25.90,40.00,83,0,3,패,미출전,,,,,,,
12,GS칼텍스,54,12,8,14,24,98,80,90,29,50,37.76,35.21,115,3,1,승,미출전,,,,,,,
12,한국도로공사,69,13,3,23,28,113,101,114,47,65,36.70,46.81,138,3,2,승,미출전,,,,,,,
12,현대건설,63,8,7,23,21,100,100,117,45,58,32.14,44.21,124,3,2,승,미출전,,,,,,,
12,현대건설,55,9,3,18,14,81,101,120,56,53,27.64,54.74,114,1,3,패,미출전,,,,,,,
12,현대건설,46,4,4,27,21,76,93,87,39,43,29.68,36.78,102,1,3,패,미출전,,,,,,,
13,KGC인삼공사,55,5,5,14,11,76,69,67,26,50,45.08,32.84,84,3,0,승,미출전,,,,,,,
13,현대건설,42,10,6,21,21,79,59,67,21,41,38.89,35.09,81,3,0,승,미출전,,,,,,,
13,한국도로공사,44,10,2,18,18,75,58,61,23,41,39.64,36.36,82,3,0,승,미출전,,,,,,,
13,GS칼텍스,34,3,3,16,19,60,75,65,24,32,29.82,31.82,84,0,3,패,미출전,,,,,,,
13,IBK기업은행,54,6,1,28,21,82,98,86,32,54,34.84,29.67,111,1,3,패,미출전,,,,,,,
13,IBK기업은행,94,5,3,27,23,125,117,130,60,90,41.41,51.75,150,3,2,승,미출전,,,,,,,
13,GS칼텍스,80,4,3,15,19,106,94,89,36,78,48.19,38.89,119,3,1,승,미출전,,,,,,,
13,현대건설,58,8,2,20,22,90,83,96,45,57,34.52,53.57,104,3,1,승,미출전,,,,,,,
13,한국도로공사,52,4,3,14,16,75,62,79,25,50,39.39,41.38,76,3,0,승,미출전,,,,,,,
13,KGC인삼공사,37,9,4,15,13,63,78,56,33,36,33.04,40.54,83,0,3,패,미출전,,,,,,,
13,한국도로공사,64,10,7,19,18,99,92,104,47,62,36.36,51.76,116,3,1,승,미출전,,,,,,,
13,KGC인삼공사,43,6,8,15,19,76,55,67,19,42,39.09,31.37,75,3,0,승,미출전,,,,,,,
13,현대건설,31,4,1,14,11,47,75,65,24,30,27.19,27.14,70,0,3,패,미출전,,,,,,,
13,IBK기업은행,45,11,2,13,23,81,66,61,31,42,41.28,49.12,88,3,0,승,미출전,,,,,,,
13,GS칼텍스,51,5,3,14,16,75,64,60,25,47,45.54,36.21,81,3,0,승,미출전,,,,,,,
13,현대건설,49,5,2,8,19,75,63,74,26,47,40.83,43.64,79,3,0,승,미출전,,,,,,,
13,KGC인삼공사,55,8,2,24,19,84,99,106,30,53,31.25,27.78,100,1,3,패,미출전,,,,,,,
13,GS칼텍스,64,4,5,16,24,97,89,92,44,62,44.44,46.34,111,3,1,승,미출전,,,,,,,
13,IBK기업은행,59,7,4,21,23,93,93,113,45,54,31.22,48.28,117,3,1,승,미출전,,,,,,,
13,한국도로공사,65,9,7,26,31,112,103,128,43,65,32.18,39.36,132,3,2,승,미출전,,,,,,,
13,KGC인삼공사,63,3,5,16,25,96,67,82,29,61,47.01,46.67,89,3,1,승,미출전,,,,,,,
13,GS칼텍스,49,6,4,17,24,83,99,94,36,46,30.43,37.50,106,1,3,패,미출전,,,,,,,
13,한국도로공사,47,8,3,11,17,75,50,80,15,43,40.17,30.23,77,3,0,승,미출전,,,,,,,
13,IBK기업은행,40,1,1,15,16,58,75,52,36,39,38.83,51.52,78,0,3,패,미출전,,,,,,,
13,현대건설,66,6,6,18,20,98,92,112,51,65,35.11,53.41,117,3,1,승,미출전,,,,,,,
13,IBK기업은행,64,6,6,18,19,95,103,105,40,60,34.59,34.02,125,2,3,패,미출전,,,,,,,
13,GS칼텍스,75,10,8,19,18,111,98,101,49,71,42.13,51.65,128,3,2,승,미출전,,,,,,,
13,현대건설,58,11,8,22,29,106,107,109,48,57,31.35,42.86,131,2,3,패,미출전,,,,,,,
13,KGC인삼공사,48,4,7,12,16,75,49,57,21,48,54.55,42.22,67,3,0,승,미출전,,,,,,,
13,한국도로공사,34,3,7,16,13,57,75,63,23,29,31.48,18.84,78,0,3,패,미출전,,,,,,,
13,IBK기업은행,66,9,0,20,23,98,98,102,46,64,37.93,43.75,125,3,2,승,미출전,,,,,,,
13,IBK기업은행,59,10,8,17,26,103,100,87,32,56,36.88,30.77,122,1,3,패,미출전,,,,,,,
13,IBK기업은행,70,11,4,17,15,100,110,115,51,69,35.18,47.06,131,2,3,패,미출전,,,,,,,
13,IBK기업은행,53,4,6,22,24,87,94,109,32,52,30.46,34.12,119,1,3,패,미출전,,,,,,,
14,IBK기업은행,63,15,5,27,25,108,96,125,43,61,32.64,42.35,126,2,3,패,미출전,,,,,,,
14,KGC인삼공사,68,11,8,28,21,108,96,100,34,66,39.31,33.70,118,3,2,승,미출전,,,,,,,
14,현대건설,31,4,1,14,13,49,75,53,27,26,27.68,29.41,67,0,3,패,미출전,,,,,,,
14,한국도로공사,38,4,2,21,10,54,75,74,30,37,29.46,35.71,83,0,3,패,미출전,,,,,,,
14,GS칼텍스,66,4,4,25,27,101,111,87,40,62,39.76,38.38,124,2,3,패,미출전,,,,,,,
14,한국도로공사,46,6,3,22,16,71,84,72,33,44,35.66,43.24,90,0,3,패,미출전,,,,,,,
14,GS칼텍스,47,2,7,14,21,77,68,71,28,47,38.21,42.86,89,3,0,승,미출전,,,,,,,
14,KGC인삼공사,32,3,2,19,9,46,75,54,27,31,29.36,27.14,71,0,3,패,미출전,,,,,,,
14,현대건설,41,3,3,12,12,59,75,70,43,40,33.33,60.61,78,0,3,패,미출전,,,,,,,
14,IBK기업은행,68,6,6,28,28,108,98,122,39,67,35.60,38.37,125,2,3,패,미출전,,,,,,,
14,IBK기업은행,30,5,2,16,14,51,75,56,17,29,30.61,15.38,77,0,3,패,미출전,,,,,,,
14,KGC인삼공사,48,10,4,14,13,75,64,80,27,48,38.10,41.94,85,3,0,승,미출전,,,,,,,
14,현대건설,50,4,9,11,14,77,69,90,29,50,34.97,37.31,92,3,0,승,미출전,,,,,,,
14,한국도로공사,66,9,6,24,17,98,110,110,46,64,34.38,41.35,127,2,3,패,미출전,,,,,,,
14,GS칼텍스,60,4,8,28,32,104,103,94,51,57,35.29,50.00,122,2,3,패,미출전,,,,,,,
14,한국도로공사,64,12,4,26,24,104,99,117,42,62,34.59,48.81,129,2,3,패,미출전,,,,,,,
14,GS칼텍스,58,10,7,18,28,103,97,108,43,55,31.87,44.44,135,3,2,승,미출전,,,,,,,
14,현대건설,61,10,3,16,14,88,99,100,48,57,35.88,44.09,119,1,3,패,미출전,,,,,,,
14,IBK기업은행,31,6,6,18,13,57,75,50,26,31,32.29,32.31,75,0,3,패,미출전,,,,,,,
14,KGC인삼공사,48,13,1,20,27,89,95,85,39,47,32.00,43.37,104,1,3,패,미출전,,,,,,,
14,IBK기업은행,30,3,4,14,12,49,75,46,32,29,30.30,42.03,69,0,3,패,미출전,,,,,,,
14,KGC인삼공사,58,8,4,20,25,95,105,107,45,55,30.05,45.16,117,3,2,승,미출전,,,,,,,
14,GS칼텍스,55,8,6,24,20,89,98,98,31,52,32.93,28.09,120,1,3,패,미출전,,,,,,,
14,현대건설,59,3,6,18,19,87,100,66,32,56,42.14,26.09,101,1,3,패,미출전,,,,,,,
14,한국도로공사,39,9,4,24,22,74,93,75,26,34,28.47,24.10,107,1,3,패,미출전,,,,,,,
14,KGC인삼공사,59,3,4,24,34,100,102,104,33,54,33.33,35.56,122,2,3,패,미출전,,,,,,,
14,IBK기업은행,68,9,7,23,24,108,102,107,48,61,35.42,48.94,135,3,2,승,미출전,,,,,,,
14,GS칼텍스,38,4,3,18,18,63,75,53,30,36,36.19,38.24,81,0,3,패,미출전,,,,,,,
14,한국도로공사,38,4,2,19,12,56,75,62,29,37,32.76,32.84,75,0,3,패,미출전,,,,,,,
14,현대건설,64,11,7,27,24,106,105,111,45,60,33.16,39.39,138,3,2,승,미출전,,,,,,,
15,KGC인삼공사,67,11,2,19,18,99,85,103,42,64,38.73,46.91,110,3,1,승,미출전,,,,,,,
15,GS칼텍스,44,5,5,14,16,70,79,68,24,40,34.11,24.32,93,0,3,패,미출전,,,,,,,
15,현대건설,43,7,4,21,21,75,68,74,31,39,34.68,45.76,90,3,0,승,미출전,,,,,,,
15,IBK기업은행,33,8,4,18,22,67,82,65,31,32,27.50,37.68,93,0,3,패,미출전,,,,,,,
15,한국도로공사,71,4,2,19,28,105,107,93,46,70,41.04,40.40,136,3,2,승,미출전,,,,,,,
15,GS칼텍스,70,11,7,17,24,112,109,91,38,68,42.94,34.34,135,2,3,패,미출전,,,,,,,
15,현대건설,40,14,2,8,18,75,61,67,28,40,37.04,45.61,79,3,0,승,미출전,,,,,,,
15,KGC인삼공사,56,7,3,17,9,75,66,86,30,53,38.62,45.31,88,3,0,승,미출전,,,,,,,
15,한국도로공사,55,6,4,29,14,79,93,84,34,52,34.59,33.71,107,1,3,패,미출전,,,,,,,
15,IBK기업은행,64,9,7,22,18,98,91,77,49,61,41.29,57.32,116,3,1,승,미출전,,,,,,,
15,GS칼텍스,46,13,4,12,13,76,58,82,24,45,35.66,40.00,86,3,0,승,미출전,,,,,,,
15,IBK기업은행,60,9,7,19,16,92,97,106,40,58,33.71,40.23,126,2,3,패,미출전,,,,,,,
15,한국도로공사,74,7,3,19,18,103,92,120,59,68,36.63,62.22,125,3,1,승,미출전,,,,,,,
15,현대건설,58,5,2,9,33,98,86,102,27,55,36.48,30.14,114,3,1,승,미출전,,,,,,,
15,KGC인삼공사,41,6,7,14,21,75,47,60,15,38,47.13,34.15,69,3,0,승,미출전,,,,,,,
15,현대건설,45,6,6,7,18,75,55,79,24,44,39.82,42.59,76,3,0,승,미출전,,,,,,,
15,GS칼텍스,37,3,1,18,7,48,75,60,32,36,32.74,42.86,74,0,3,패,미출전,,,,,,,
15,IBK기업은행,50,6,7,18,13,76,62,71,27,46,43.48,40.00,96,3,0,승,미출전,,,,,,,
15,한국도로공사,60,9,2,20,24,96,108,98,44,58,33.52,41.67,137,2,3,패,미출전,,,,,,,
15,KGC인삼공사,53,6,2,7,14,75,54,68,24,47,49.53,39.22,80,3,0,승,미출전,,,,,,,
15,KGC인삼공사,67,8,10,24,20,106,96,112,39,62,38.29,41.67,126,3,2,승,미출전,,,,,,,
15,현대건설,44,13,2,13,16,75,61,80,24,42,36.36,34.55,90,3,0,승,미출전,,,,,,,
15,IBK기업은행,70,9,0,22,26,105,94,107,46,68,38.25,51.76,134,3,2,승,미출전,,,,,,,
15,한국도로공사,36,7,1,18,17,61,79,79,43,30,26.67,59.15,92,0,3,패,미출전,,,,,,,
15,GS칼텍스,47,10,3,10,18,78,61,58,26,45,45.19,36.84,85,3,0,승,미출전,,,,,,,
15,GS칼텍스,47,10,1,8,18,76,66,74,22,44,38.84,28.33,93,3,0,승,미출전,,,,,,,
15,IBK기업은행,70,12,0,13,28,110,93,122,36,67,38.04,38.55,142,3,2,승,미출전,,,,,,,
15,KGC인삼공사,47,12,4,13,12,75,59,68,24,47,40.52,36.84,81,3,0,승,미출전,,,,,,,
15,한국도로공사,60,10,3,24,23,96,108,102,50,58,32.26,51.58,137,1,3,패,미출전,,,,,,,
15,현대건설,53,12,1,11,32,98,74,87,36,51,37.32,47.06,106,3,1,승,미출전,,,,,,,
15,한국도로공사,49,6,5,14,26,86,80,103,29,48,31.41,35.62,108,3,1,승,미출전,,,,,,,
15,한국도로공사,43,4,3,18,10,60,75,72,30,43,34.40,36.23,91,0,3,패,미출전,,,,,,,
15,한국도로공사,69,11,3,18,20,103,104,99,46,63,37.10,44.79,137,3,2,승,미출전,,,,,,,
15,한국도로공사,70,9,2,19,15,96,99,102,47,70,36.65,44.79,127,3,1,승,미출전,,,,,,,
16,한국도로공사,65,6,4,20,24,99,80,93,26,62,42.21,30.56,108,3,1,승,미출전,,,,,,,
16,GS칼텍스,39,7,1,21,22,69,77,77,20,35,29.77,18.84,93,0,3,패,미출전,,,,,,,
16,현대건설,43,8,4,9,20,75,50,61,10,43,45.74,21.43,77,3,0,승,미출전,,,,,,,
16,KGC인삼공사,70,7,5,35,19,101,105,115,51,67,34.15,49.49,145,2,3,패,미출전,,,,,,,
16,IBK기업은행,53,10,6,25,28,98,71,113,31,50,33.76,46.88,111,3,1,승,미출전,,,,,,,
16,IBK기업은행,47,8,3,13,16,75,50,49,19,41,51.09,37.50,75,3,0,승,미출전,,,,,,,
16,현대건설,56,12,4,17,26,98,103,85,46,55,34.36,40.63,125,2,3,패,미출전,,,,,,,
16,GS칼텍스,70,6,4,26,23,103,106,87,28,66,41.92,27.96,128,2,3,패,미출전,,,,,,,
16,KGC인삼공사,67,6,9,17,18,100,78,99,29,60,42.95,31.08,115,3,1,승,미출전,,,,,,,
16,한국도로공사,54,8,7,22,20,89,95,89,24,54,33.75,17.24,127,1,3,패,미출전,,,,,,,
16,KGC인삼공사,66,8,9,28,23,106,105,105,38,64,36.46,36.84,135,3,2,승,미출전,,,,,,,
16,현대건설,55,14,3,31,31,103,102,103,34,52,31.79,37.50,129,2,3,패,미출전,,,,,,,
16,GS칼텍스,50,7,3,11,15,75,59,56,18,45,48.08,31.48,86,3,0,승,미출전,,,,,,,
16,한국도로공사,61,14,4,17,22,101,87,113,34,58,34.08,39.74,129,3,1,승,미출전,,,,,,,
16,IBK기업은행,42,6,7,14,19,75,62,72,21,37,33.07,35.09,84,3,0,승,미출전,,,,,,,
16,IBK기업은행,49,7,4,13,15,75,53,61,10,46,47.12,13.73,79,3,0,승,미출전,,,,,,,
16,한국도로공사,59,10,4,17,23,97,111,93,35,58,33.91,31.31,130,2,3,패,미출전,,,,,,,
16,GS칼텍스,47,14,3,19,20,84,96,73,33,42,30.92,31.11,109,1,3,패,미출전,,,,,,,
16,현대건설,62,14,5,18,24,105,106,125,36,57,30.10,29.59,137,2,3,패,미출전,,,,,,,
16,KGC인삼공사,58,13,6,20,28,105,108,97,33,56,32.77,29.79,137,2,3,패,미출전,,,,,,,
16,현대건설,64,4,6,13,28,102,95,99,18,59,38.55,13.58,123,2,3,패,미출전,,,,,,,
16,IBK기업은행,59,5,3,24,21,90,101,116,30,59,31.22,26.60,124,1,3,패,미출전,,,,,,,
16,GS칼텍스,45,3,3,16,23,74,97,62,21,43,35.16,14.94,106,1,3,패,미출전,,,,,,,
16,한국도로공사,73,8,3,18,23,107,99,128,23,70,36.87,19.15,137,3,2,승,미출전,,,,,,,
16,KGC인삼공사,53,10,7,26,31,101,96,99,28,52,30.99,30.23,124,3,1,승,미출전,,,,,,,
16,현대건설,36,6,9,10,26,77,57,54,18,35,37.89,34.69,79,3,0,승,미출전,,,,,,,
16,IBK기업은행,55,3,2,17,15,75,57,77,21,52,44.35,32.14,80,3,0,승,미출전,,,,,,,
17,GS칼텍스,72,14,4,20,20,110,100,97,40,67,42.60,41.94,133,3,1,승,선발,25,47,20,3,4,42.55,27.81
17,KGC인삼공사,62,9,9,18,21,101,94,71,33,60,45.26,37.35,115,3,1,승,선발,21,36,19,1,5,52.78,26.28
17,한국도로공사,64,3,4,25,29,101,107,114,35,59,34.97,31.58,139,3,2,승,선발,26,55,24,2,4,43.64,30.05
17,현대건설,54,13,6,19,24,98,82,79,24,53,38.85,30.00,109,3,1,승,선발,26,39,21,1,0,53.85,28.06
17,IBK기업은행,49,7,3,12,16,75,57,84,14,47,39.20,25.00,83,3,0,승,선발,19,32,15,1,3,46.88,25.60
17,GS칼텍스,71,15,8,14,18,113,106,84,30,69,43.56,23.71,140,3,2,승,선발,38,63,35,3,2,55.56,38.65
17,한국도로공사,59,8,6,19,17,90,87,96,32,52,35.98,32.53,113,3,1,승,선발,28,65,25,2,6,38.46,39.63
17,현대건설,38,4,7,11,26,75,54,68,23,36,36.19,45.83,80,3,0,승,선발,17,34,15,1,1,44.12,32.38
17,IBK기업은행,46,5,5,16,19,75,52,54,13,45,51.11,19.57,78,3,0,승,선발,21,30,18,0,3,60.00,33.33
17,KGC인삼공사,56,8,5,19,24,93,81,74,18,51,47.46,20.29,98,3,1,승,선발,20,32,18,1,3,56.25,27.12
17,GS칼텍스,65,8,2,27,22,97,105,105,27,58,36.52,23.91,130,2,3,패,선발,36,67,32,3,4,47.76,37.64
17,한국도로공사,42,3,5,22,20,70,78,57,25,40,37.84,33.85,87,0,3,패,선발,21,41,20,0,4,48.78,36.94
17,IBK기업은행,44,10,7,10,14,75,60,50,24,40,45.83,38.89,77,3,0,승,선발,24,32,19,0,0,59.38,33.33
17,KGC인삼공사,69,11,6,15,24,110,102,93,37,65,42.86,35.11,131,3,2,승,선발,34,51,30,3,2,58.82,31.68
17,현대건설,63,10,5,29,28,106,101,98,43,59,37.95,46.59,120,2,3,패,선발,30,69,28,3,6,40.58,41.57
17,현대건설,50,5,5,7,16,76,65,67,28,47,40.98,42.19,85,3,0,승,선발,18,39,17,2,1,43.59,31.97
17,한국도로공사,78,10,4,23,22,114,106,127,55,74,39.00,51.52,144,3,2,승,선발,27,57,22,3,5,38.60,28.50
17,IBK기업은행,45,6,5,11,19,75,53,71,26,36,39.13,50.98,77,3,0,승,선발,16,32,13,0,1,40.63,27.83
17,KGC인삼공사,46,8,6,16,19,79,71,64,28,40,38.66,33.33,92,3,0,승,선발,15,29,12,2,2,41.38,24.37
17,GS칼텍스,61,15,4,17,18,98,88,72,40,57,43.88,48.19,115,3,1,승,선발,21,40,19,1,3,47.50,28.78
17,현대건설,64,11,6,21,24,105,107,103,39,63,36.57,35.00,132,2,3,패,선발,23,53,21,4,6,39.62,30.29
17,GS칼텍스,28,4,3,12,14,49,75,55,23,28,29.79,32.81,77,0,3,패,선발,13,25,12,1,1,48.00,26.60
17,한국도로공사,23,4,1,20,14,42,75,39,19,21,25.84,17.91,68,0,3,패,선발,6,16,6,2,2,37.50,17.98
17,IBK기업은행,25,1,0,12,15,41,75,60,27,25,22.32,35.38,71,0,3,패,선발,12,35,12,4,3,34.29,31.25
17,KGC인삼공사,61,11,3,17,22,97,82,80,28,58,42.96,36.99,111,3,1,승,선발,24,41,21,3,0,51.22,28.87
17,IBK기업은행,45,3,3,13,17,68,75,63,29,41,38.79,41.54,84,0,3,패,선발,19,35,17,1,2,48.57,30.17
17,GS칼텍스,55,6,4,16,15,80,97,60,33,53,42.64,27.47,111,1,3,패,선발,15,38,15,1,2,39.47,29.46
17,한국도로공사,58,12,8,15,19,97,86,84,28,57,40.56,33.75,115,3,1,승,선발,26,48,20,2,3,41.67,33.57
17,현대건설,47,5,3,24,20,75,101,73,29,45,31.33,28.74,106,1,3,패,선발,20,37,17,5,2,45.95,24.67
17,KGC인삼공사,29,6,0,15,14,49,75,59,27,26,25.66,30.99,73,0,3,패,선발,7,21,6,0,2,28.57,18.58
17,IBK기업은행,56,13,6,26,23,98,84,87,27,52,37.09,30.26,112,3,1,승,선발,29,45,27,0,3,60.00,29.80
17,IBK기업은행,49,6,2,16,13,70,97,70,31,49,34.75,23.40,102,1,3,패,선발,20,39,18,3,6,46.15,27.66
17,IBK기업은행,48,4,4,9,19,75,44,70,17,45,50.53,41.03,72,3,0,승,선발,23,37,22,0,1,59.46,38.95
17,GS칼텍스,34,2,1,19,12,49,75,41,25,33,35.42,36.76,77,0,3,패,선발,13,22,13,0,3,59.09,22.92
17,GS칼텍스,32,6,2,16,17,57,75,57,22,30,31.68,24.24,80,0,3,패,선발,11,35,10,0,2,28.57,34.65
17,GS칼텍스,61,8,3,17,30,102,101,75,28,54,41.50,26.97,132,2,3,패,선발,27,46,24,0,2,52.17,31.29
18,GS칼텍스,38,10,3,15,17,68,77,57,20,34,36.89,22.73,89,0,3,패,미출전,,,,,,,
18,IBK기업은행,63,8,5,16,21,97,83,109,22,61,37.50,25.00,121,3,1,승,미출전,,,,,,,
18,현대건설,49,11,5,23,22,88,93,72,23,46,36.30,15.48,115,1,3,패,미출전,,,,,,,
18,KGC인삼공사,51,6,2,24,19,78,90,77,31,48,37.78,29.11,107,1,3,패,미출전,,,,,,,
18,페퍼저축은행,64,6,4,21,31,105,101,84,30,61,42.95,30.86,127,3,1,승,미출전,,,,,,,
18,한국도로공사,58,8,5,27,15,86,104,90,23,53,35.58,12.63,126,1,3,패,미출전,,,,,,,
18,한국도로공사,44,9,6,28,24,83,97,79,35,42,29.53,36.90,107,1,3,패,미출전,,,,,,,
18,GS칼텍스,31,6,4,19,13,54,75,44,18,31,30.10,22.39,81,0,3,패,미출전,,,,,,,
18,KGC인삼공사,36,7,1,20,13,57,75,68,23,32,30.77,28.99,84,0,3,패,미출전,,,,,,,
18,IBK기업은행,42,7,1,15,14,64,77,80,15,41,31.11,13.04,93,0,3,패,미출전,,,,,,,
18,현대건설,53,9,1,19,23,86,93,76,21,49,37.32,20.00,111,1,3,패,미출전,,,,,,,
18,페퍼저축은행,58,10,8,18,23,99,81,82,17,53,41.73,14.49,109,3,1,승,미출전,,,,,,,
18,GS칼텍스,43,7,3,17,13,66,79,69,32,42,33.08,42.25,89,0,3,패,미출전,,,,,,,
18,한국도로공사,47,7,1,19,25,80,94,79,26,44,32.64,23.17,113,1,3,패,미출전,,,,,,,
18,현대건설,29,7,3,10,16,55,75,57,11,26,27.88,0.00,85,0,3,패,미출전,,,,,,,
18,IBK기업은행,51,6,4,19,18,79,72,70,27,48,40.80,36.92,94,3,0,승,미출전,,,,,,,
18,KGC인삼공사,42,10,4,11,19,75,47,70,9,39,40.38,14.63,78,3,0,승,미출전,,,,,,,
18,페퍼저축은행,60,11,3,18,25,99,87,76,25,54,41.96,27.03,116,3,1,승,미출전,,,,,,,
18,페퍼저축은행,69,13,5,18,12,99,83,87,30,64,44.52,33.33,111,3,1,승,미출전,,,,,,,
18,GS칼텍스,52,10,0,16,23,85,96,63,24,51,40.94,22.09,109,1,3,패,미출전,,,,,,,
18,KGC인삼공사,67,13,3,19,13,96,84,107,25,63,38.95,28.75,117,3,1,승,미출전,,,,,,,
18,한국도로공사,48,5,3,30,20,76,97,94,29,46,29.27,25.00,107,1,3,패,미출전,,,,,,,
18,IBK기업은행,68,7,7,18,25,107,111,110,36,63,35.23,32.65,133,2,3,패,미출전,,,,,,,
18,현대건설,32,12,3,24,24,71,97,73,20,29,24.81,5.88,101,1,3,패,미출전,,,,,,,
18,현대건설,30,7,2,19,18,57,75,53,23,27,27.03,30.77,79,0,3,패,미출전,,,,,,,
18,GS칼텍스,35,7,1,16,13,56,75,41,20,32,38.46,21.21,75,0,3,패,미출전,,,,,,,
18,한국도로공사,52,3,4,23,17,76,97,105,24,49,30.06,20.00,111,1,3,패,미출전,,,,,,,
18,KGC인삼공사,48,8,6,10,13,75,64,66,24,45,41.38,37.29,86,3,0,승,미출전,,,,,,,
18,페퍼저축은행,52,5,3,18,22,82,93,95,31,50,32.70,28.05,113,1,3,패,미출전,,,,,,,
18,IBK기업은행,32,3,3,15,15,53,75,58,16,30,29.63,18.46,80,0,3,패,미출전,,,,,,,
18,IBK기업은행,56,13,6,23,21,96,92,90,20,53,35.44,17.05,115,3,1,승,미출전,,,,,,,
18,한국도로공사,38,5,2,22,16,61,75,65,22,37,33.93,23.44,87,0,3,패,미출전,,,,,,,
18,GS칼텍스,32,8,4,25,19,63,75,65,19,32,28.32,20.90,86,0,3,패,미출전,,,,,,,
